"","iso2","year","number_firms_worldbank","legal_form"
"1","AF",2013,19541,"private_limited_liability"
"2","AF",2014,22007,"private_limited_liability"
"3","AF",2015,24262,"private_limited_liability"
"4","AF",2016,26710,"private_limited_liability"
"5","AF",2017,29732,"private_limited_liability"
"6","AF",2018,34006,"private_limited_liability"
"7","AF",2010,9048,"private_limited_liability"
"8","AF",2011,12793,"private_limited_liability"
"9","AF",2012,16350,"private_limited_liability"
"10","AF",2009,4289,"private_limited_liability"
"11","Al",2006,23667,"private_limited_liability"
"12","Al",2007,25926,"private_limited_liability"
"13","Al",2008,28649,"private_limited_liability"
"14","Al",2013,37700,"private_limited_liability"
"15","Al",2014,39848,"private_limited_liability"
"16","Al",2015,42085,"private_limited_liability"
"17","Al",2016,44630,"private_limited_liability"
"18","Al",2017,47463,"private_limited_liability"
"19","Al",2018,50477,"private_limited_liability"
"20","Al",2019,53490,"private_limited_liability"
"21","Al",2020,56261,"private_limited_liability"
"22","Al",2012,35800,"private_limited_liability"
"23","Al",2009,30453,"private_limited_liability"
"24","Al",2010,32420,"private_limited_liability"
"25","Al",2011,34158,"private_limited_liability"
"26","AL",2006,45055,"private_limited_liability"
"27","AL",2011,64940,"private_limited_liability"
"28","AL",2012,69880,"private_limited_liability"
"29","AL",2013,74359,"private_limited_liability"
"30","AL",2014,79245,"private_limited_liability"
"31","AL",2015,83504,"private_limited_liability"
"32","AL",2016,88692,"private_limited_liability"
"33","AL",2017,95262,"private_limited_liability"
"34","AL",2018,101047,"private_limited_liability"
"35","AL",2009,59346,"private_limited_liability"
"36","AL",2010,61674,"private_limited_liability"
"37","AL",2007,51909,"private_limited_liability"
"38","AL",2008,53825,"private_limited_liability"
"39","AR",2006,14668,"private_limited_liability"
"40","AR",2007,17076,"private_limited_liability"
"41","AR",2012,36695,"private_limited_liability"
"42","AR",2013,42071,"private_limited_liability"
"43","AR",2014,47345,"private_limited_liability"
"44","AR",2015,52325,"private_limited_liability"
"45","AR",2016,58224,"private_limited_liability"
"46","AR",2017,64462,"private_limited_liability"
"47","AR",2018,70170,"private_limited_liability"
"48","AR",2010,26069,"private_limited_liability"
"49","AR",2011,31812,"private_limited_liability"
"50","AR",2008,19585,"private_limited_liability"
"51","AR",2009,21799,"private_limited_liability"
"52","AM",2006,25230,"private_limited_liability"
"53","AM",2007,28520,"private_limited_liability"
"54","AM",2012,42770,"private_limited_liability"
"55","AM",2013,45010,"private_limited_liability"
"56","AM",2014,48190,"private_limited_liability"
"57","AM",2015,51318,"private_limited_liability"
"58","AM",2016,54411,"private_limited_liability"
"59","AM",2017,47892,"private_limited_liability"
"60","AM",2018,52688,"private_limited_liability"
"61","AM",2019,59419,"private_limited_liability"
"62","AM",2020,64808,"private_limited_liability"
"63","AM",2008,31864,"private_limited_liability"
"64","AM",2009,34439,"private_limited_liability"
"65","AM",2010,36966,"private_limited_liability"
"66","AM",2011,39569,"private_limited_liability"
"67","AU",2010,1778452,"private_limited_liability"
"68","AU",2011,1854241,"private_limited_liability"
"69","AU",2012,1938110,"private_limited_liability"
"70","AU",2013,2036459,"private_limited_liability"
"71","AU",2014,2150464,"private_limited_liability"
"72","AU",2015,2280924,"private_limited_liability"
"73","AU",2016,2404461,"private_limited_liability"
"74","AU",2017,2529551,"private_limited_liability"
"75","AU",2018,2631647,"private_limited_liability"
"76","AU",2019,2714713,"private_limited_liability"
"77","AU",2020,2807351,"private_limited_liability"
"78","AU",2009,1709185,"private_limited_liability"
"79","AU",2006,1501582,"private_limited_liability"
"80","AU",2007,1583899,"private_limited_liability"
"81","AU",2008,1649248,"private_limited_liability"
"82","AT",2006,71872,"private_limited_liability"
"83","AT",2011,83451,"private_limited_liability"
"84","AT",2012,85390,"private_limited_liability"
"85","AT",2013,87913,"private_limited_liability"
"86","AT",2014,91646,"private_limited_liability"
"87","AT",2015,94272,"private_limited_liability"
"88","AT",2016,96503,"private_limited_liability"
"89","AT",2017,99056,"private_limited_liability"
"90","AT",2018,101983,"private_limited_liability"
"91","AT",2019,104991,"private_limited_liability"
"92","AT",2007,74610,"private_limited_liability"
"93","AT",2008,77492,"private_limited_liability"
"94","AT",2009,79619,"private_limited_liability"
"95","AT",2010,81688,"private_limited_liability"
"96","AT",2020,108825,"private_limited_liability"
"97","AZ",2011,41547,"private_limited_liability"
"98","AZ",2013,52839,"private_limited_liability"
"99","AZ",2014,59472,"private_limited_liability"
"100","AZ",2015,64541,"private_limited_liability"
"101","AZ",2012,45985,"private_limited_liability"
"102","AZ",2017,82582,"private_limited_liability"
"103","AZ",2018,94109,"private_limited_liability"
"104","AZ",2019,109742,"private_limited_liability"
"105","AZ",2016,71639,"private_limited_liability"
"106","AZ",2008,29797,"private_limited_liability"
"107","AZ",2009,34236,"private_limited_liability"
"108","AZ",2010,37578,"private_limited_liability"
"109","AZ",2020,118906,"private_limited_liability"
"110","BH",2009,12171,"private_limited_liability"
"111","BH",2010,13534,"private_limited_liability"
"112","BH",2012,16087,"private_limited_liability"
"113","BH",2013,17520,"private_limited_liability"
"114","BH",2014,18959,"private_limited_liability"
"115","BH",2011,14741,"private_limited_liability"
"116","BH",2016,24756,"private_limited_liability"
"117","BH",2017,28933,"private_limited_liability"
"118","BH",2018,32757,"private_limited_liability"
"119","BH",2015,20526,"private_limited_liability"
"120","BH",2006,8045,"private_limited_liability"
"121","BH",2007,9461,"private_limited_liability"
"122","BH",2008,11044,"private_limited_liability"
"123","BD",2018,161894,"private_limited_liability"
"124","BD",2014,134133,"private_limited_liability"
"125","BD",2015,141689,"private_limited_liability"
"126","BD",2016,149792,"private_limited_liability"
"127","BD",2017,157421,"private_limited_liability"
"128","BY",2006,28675,"private_limited_liability"
"129","BY",2007,31475,"private_limited_liability"
"130","BY",2008,35433,"private_limited_liability"
"131","BY",2009,39184,"private_limited_liability"
"132","BY",2010,43339,"private_limited_liability"
"133","BY",2011,47124,"private_limited_liability"
"134","BY",2012,52134,"private_limited_liability"
"135","BY",2013,58448,"private_limited_liability"
"136","BY",2018,76933,"private_limited_liability"
"137","BY",2019,65865,"private_limited_liability"
"138","BY",2015,64706,"private_limited_liability"
"139","BY",2016,69113,"private_limited_liability"
"140","BY",2017,73208,"private_limited_liability"
"141","BY",2014,63040,"private_limited_liability"
"142","BE",2006,443314,"private_limited_liability"
"143","BE",2007,456866,"private_limited_liability"
"144","BE",2008,470014,"private_limited_liability"
"145","BE",2009,479619,"private_limited_liability"
"146","BE",2010,491610,"private_limited_liability"
"147","BE",2011,502985,"private_limited_liability"
"148","BE",2012,508583,"private_limited_liability"
"149","BE",2017,535457,"private_limited_liability"
"150","BE",2018,577923,"private_limited_liability"
"151","BE",2019,588461,"private_limited_liability"
"152","BE",2020,605147,"private_limited_liability"
"153","BE",2015,518378,"private_limited_liability"
"154","BE",2016,527335,"private_limited_liability"
"155","BE",2013,512195,"private_limited_liability"
"156","BE",2014,511428,"private_limited_liability"
"157","BT",2006,72,"private_limited_liability"
"158","BT",2007,83,"private_limited_liability"
"159","BT",2008,104,"private_limited_liability"
"160","BT",2009,117,"private_limited_liability"
"161","BT",2010,135,"private_limited_liability"
"162","BT",2011,158,"private_limited_liability"
"163","BT",2016,386,"private_limited_liability"
"164","BT",2017,458,"private_limited_liability"
"165","BT",2018,505,"private_limited_liability"
"166","BT",2014,292,"private_limited_liability"
"167","BT",2015,336,"private_limited_liability"
"168","BT",2012,240,"private_limited_liability"
"169","BT",2013,263,"private_limited_liability"
"170","BO",2014,45993,"private_limited_liability"
"171","BO",2015,49672,"private_limited_liability"
"172","BO",2016,53048,"private_limited_liability"
"173","BO",2017,58731,"private_limited_liability"
"174","BO",2018,60324,"private_limited_liability"
"175","BA",2009,42256,"private_limited_liability"
"176","BA",2014,31207,"private_limited_liability"
"177","BA",2015,30922,"private_limited_liability"
"178","BA",2016,31573,"private_limited_liability"
"179","BA",2017,32145,"private_limited_liability"
"180","BA",2018,33099,"private_limited_liability"
"181","BA",2019,34334,"private_limited_liability"
"182","BA",2020,34583,"private_limited_liability"
"183","BA",2012,34508,"private_limited_liability"
"184","BA",2013,33784,"private_limited_liability"
"185","BA",2010,40194,"private_limited_liability"
"186","BA",2011,37425,"private_limited_liability"
"187","BW",2006,81764,"private_limited_liability"
"188","BW",2007,88727,"private_limited_liability"
"189","BW",2012,148147,"private_limited_liability"
"190","BW",2013,163239,"private_limited_liability"
"191","BW",2014,181860,"private_limited_liability"
"192","BW",2015,205372,"private_limited_liability"
"193","BW",2016,231985,"private_limited_liability"
"194","BW",2017,191944,"private_limited_liability"
"195","BW",2018,212737,"private_limited_liability"
"196","BW",2019,230114,"private_limited_liability"
"197","BW",2009,107907,"private_limited_liability"
"198","BW",2010,119600,"private_limited_liability"
"199","BW",2011,131953,"private_limited_liability"
"200","BW",2008,96952,"private_limited_liability"
"201","BR",2020,4238155,"private_limited_liability"
"202","BN",2012,9154,"private_limited_liability"
"203","BN",2013,9629,"private_limited_liability"
"204","BN",2018,12557,"private_limited_liability"
"205","BN",2019,13257,"private_limited_liability"
"206","BN",2020,13474,"private_limited_liability"
"207","BN",2016,11240,"private_limited_liability"
"208","BN",2017,11924,"private_limited_liability"
"209","BN",2014,10080,"private_limited_liability"
"210","BN",2015,10567,"private_limited_liability"
"211","BG",2008,40574,"private_limited_liability"
"212","BG",2009,63610,"private_limited_liability"
"213","BG",2010,85591,"private_limited_liability"
"214","BG",2011,104656,"private_limited_liability"
"215","BG",2012,116760,"private_limited_liability"
"216","BG",2013,124741,"private_limited_liability"
"217","BG",2018,166212,"private_limited_liability"
"218","BG",2019,173561,"private_limited_liability"
"219","BG",2020,178822,"private_limited_liability"
"220","BG",2016,149568,"private_limited_liability"
"221","BG",2017,157979,"private_limited_liability"
"222","BG",2014,132220,"private_limited_liability"
"223","BG",2015,140589,"private_limited_liability"
"224","KH",2006,13186,"private_limited_liability"
"225","KH",2007,14480,"private_limited_liability"
"226","KH",2008,17196,"private_limited_liability"
"227","KH",2009,19166,"private_limited_liability"
"228","KH",2010,21702,"private_limited_liability"
"229","KH",2011,24769,"private_limited_liability"
"230","KH",2016,43440,"private_limited_liability"
"231","KH",2017,48869,"private_limited_liability"
"232","KH",2018,55876,"private_limited_liability"
"233","KH",2019,65326,"private_limited_liability"
"234","KH",2020,70676,"private_limited_liability"
"235","KH",2015,39216,"private_limited_liability"
"236","KH",2012,28099,"private_limited_liability"
"237","KH",2013,31061,"private_limited_liability"
"238","KH",2014,34846,"private_limited_liability"
"239","CL",2006,882704,"private_limited_liability"
"240","CL",2007,894832,"private_limited_liability"
"241","CL",2008,907133,"private_limited_liability"
"242","CL",2009,920638,"private_limited_liability"
"243","CL",2010,938820,"private_limited_liability"
"244","CL",2015,1085509,"private_limited_liability"
"245","CL",2016,1110983,"private_limited_liability"
"246","CL",2017,1168488,"private_limited_liability"
"247","CL",2018,1258810,"private_limited_liability"
"248","CL",2019,1294136,"private_limited_liability"
"249","CL",2011,967828,"private_limited_liability"
"250","CL",2012,997567,"private_limited_liability"
"251","CL",2013,1024927,"private_limited_liability"
"252","CL",2014,1058525,"private_limited_liability"
"253","CN",2010,610758,"private_limited_liability"
"254","CN",2011,675444,"private_limited_liability"
"255","CN",2012,740358,"private_limited_liability"
"256","CN",2013,822362,"private_limited_liability"
"257","CN",2018,1643153,"private_limited_liability"
"258","CN",2019,1674699,"private_limited_liability"
"259","CN",2020,1759734,"private_limited_liability"
"260","CN",2016,1328804,"private_limited_liability"
"261","CN",2017,1514928,"private_limited_liability"
"262","CN",2014,995620,"private_limited_liability"
"263","CN",2015,1185401,"private_limited_liability"
"264","CO",2013,324226,"private_limited_liability"
"265","CO",2014,360772,"private_limited_liability"
"266","CO",2015,389195,"private_limited_liability"
"267","CO",2016,409510,"private_limited_liability"
"268","CO",2017,432820,"private_limited_liability"
"269","CO",2018,449461,"private_limited_liability"
"270","CO",2019,489601,"private_limited_liability"
"271","CO",2020,452144,"private_limited_liability"
"272","CD",2017,6908,"private_limited_liability"
"273","CD",2018,9010,"private_limited_liability"
"274","CD",2015,3879,"private_limited_liability"
"275","CD",2016,5444,"private_limited_liability"
"276","CD",2019,10490,"private_limited_liability"
"277","CD",2020,12285,"private_limited_liability"
"278","CK",2006,1335,"private_limited_liability"
"279","CK",2007,1299,"private_limited_liability"
"280","CK",2008,1245,"private_limited_liability"
"281","CK",2009,1133,"private_limited_liability"
"282","CK",2010,1035,"private_limited_liability"
"283","CK",2011,1008,"private_limited_liability"
"284","CK",2016,1054,"private_limited_liability"
"285","CK",2012,1249,"private_limited_liability"
"286","CK",2013,1115,"private_limited_liability"
"287","CK",2014,1069,"private_limited_liability"
"288","CK",2015,1138,"private_limited_liability"
"289","CR",2017,321873,"private_limited_liability"
"290","CR",2018,340623,"private_limited_liability"
"291","CR",2019,344881,"private_limited_liability"
"292","CR",2020,342147,"private_limited_liability"
"293","HR",2006,104965,"private_limited_liability"
"294","HR",2007,115787,"private_limited_liability"
"295","HR",2008,125290,"private_limited_liability"
"296","HR",2009,131373,"private_limited_liability"
"297","HR",2014,157638,"private_limited_liability"
"298","HR",2015,169952,"private_limited_liability"
"299","HR",2016,183177,"private_limited_liability"
"300","HR",2017,181497,"private_limited_liability"
"301","HR",2018,189183,"private_limited_liability"
"302","HR",2019,203415,"private_limited_liability"
"303","HR",2020,214496,"private_limited_liability"
"304","HR",2012,159447,"private_limited_liability"
"305","HR",2013,144938,"private_limited_liability"
"306","HR",2010,140232,"private_limited_liability"
"307","HR",2011,151983,"private_limited_liability"
"308","CY",2006,155846,"private_limited_liability"
"309","CY",2007,184133,"private_limited_liability"
"310","CY",2012,269345,"private_limited_liability"
"311","CY",2013,272157,"private_limited_liability"
"312","CY",2014,251748,"private_limited_liability"
"313","CY",2015,227840,"private_limited_liability"
"314","CY",2016,208493,"private_limited_liability"
"315","CY",2017,217588,"private_limited_liability"
"316","CY",2018,216239,"private_limited_liability"
"317","CY",2019,223282,"private_limited_liability"
"318","CY",2020,229735,"private_limited_liability"
"319","CY",2010,237372,"private_limited_liability"
"320","CY",2011,254227,"private_limited_liability"
"321","CY",2008,207614,"private_limited_liability"
"322","CY",2009,221089,"private_limited_liability"
"323","CZ",2006,244417,"private_limited_liability"
"324","CZ",2007,261449,"private_limited_liability"
"325","CZ",2012,348463,"private_limited_liability"
"326","CZ",2013,365149,"private_limited_liability"
"327","CZ",2014,384788,"private_limited_liability"
"328","CZ",2015,405889,"private_limited_liability"
"329","CZ",2016,426962,"private_limited_liability"
"330","CZ",2017,447375,"private_limited_liability"
"331","CZ",2018,465717,"private_limited_liability"
"332","CZ",2019,480140,"private_limited_liability"
"333","CZ",2020,491811,"private_limited_liability"
"334","CZ",2008,280395,"private_limited_liability"
"335","CZ",2009,297647,"private_limited_liability"
"336","CZ",2010,315289,"private_limited_liability"
"337","CZ",2011,332005,"private_limited_liability"
"338","CK",2010,243010,"private_limited_liability"
"339","CK",2011,247138,"private_limited_liability"
"340","CK",2012,249760,"private_limited_liability"
"341","CK",2013,252029,"private_limited_liability"
"342","CK",2014,263461,"private_limited_liability"
"343","CK",2015,280676,"private_limited_liability"
"344","CK",2016,301433,"private_limited_liability"
"345","CK",2017,322286,"private_limited_liability"
"346","CK",2018,342575,"private_limited_liability"
"347","CK",2006,186027,"private_limited_liability"
"348","CK",2007,208285,"private_limited_liability"
"349","CK",2008,226784,"private_limited_liability"
"350","CK",2009,235452,"private_limited_liability"
"351","DM",2013,21333,"private_limited_liability"
"352","DM",2014,22163,"private_limited_liability"
"353","DM",2015,22896,"private_limited_liability"
"354","DM",2016,23455,"private_limited_liability"
"355","DM",2017,23368,"private_limited_liability"
"356","DM",2018,23635,"private_limited_liability"
"357","DM",2019,23886,"private_limited_liability"
"358","DM",2020,24111,"private_limited_liability"
"359","DM",2011,19698,"private_limited_liability"
"360","DM",2012,20588,"private_limited_liability"
"361","DM",2009,18028,"private_limited_liability"
"362","DM",2010,18818,"private_limited_liability"
"363","EC",2015,298027,"private_limited_liability"
"364","EG",2012,10298,"private_limited_liability"
"365","EG",2017,28555,"private_limited_liability"
"366","EG",2018,38741,"private_limited_liability"
"367","EG",2019,52056,"private_limited_liability"
"368","EG",2020,66614,"private_limited_liability"
"369","EG",2016,23375,"private_limited_liability"
"370","EG",2013,12748,"private_limited_liability"
"371","EG",2014,15629,"private_limited_liability"
"372","EG",2015,19208,"private_limited_liability"
"373","SV",2006,36824,"private_limited_liability"
"374","SV",2007,38854,"private_limited_liability"
"375","SV",2008,40682,"private_limited_liability"
"376","SV",2009,42454,"private_limited_liability"
"377","SV",2010,44312,"private_limited_liability"
"378","SV",2015,54178,"private_limited_liability"
"379","SV",2016,56396,"private_limited_liability"
"380","SV",2017,58545,"private_limited_liability"
"381","SV",2018,60906,"private_limited_liability"
"382","SV",2019,63523,"private_limited_liability"
"383","SV",2020,65294,"private_limited_liability"
"384","SV",2012,47949,"private_limited_liability"
"385","SV",2013,49938,"private_limited_liability"
"386","SV",2014,52020,"private_limited_liability"
"387","SV",2011,46093,"private_limited_liability"
"388","EE",2006,82623,"private_limited_liability"
"389","EE",2007,92097,"private_limited_liability"
"390","EE",2008,97900,"private_limited_liability"
"391","EE",2013,139532,"private_limited_liability"
"392","EE",2014,152491,"private_limited_liability"
"393","EE",2015,161666,"private_limited_liability"
"394","EE",2016,172314,"private_limited_liability"
"395","EE",2017,178380,"private_limited_liability"
"396","EE",2018,197351,"private_limited_liability"
"397","EE",2019,205742,"private_limited_liability"
"398","EE",2020,222981,"private_limited_liability"
"399","EE",2011,123201,"private_limited_liability"
"400","EE",2012,132216,"private_limited_liability"
"401","EE",2009,104434,"private_limited_liability"
"402","EE",2010,113427,"private_limited_liability"
"403","ET",2016,69416,"private_limited_liability"
"404","ET",2017,103625,"private_limited_liability"
"405","ET",2018,134465,"private_limited_liability"
"406","FI",2009,205886,"private_limited_liability"
"407","FI",2011,224276,"private_limited_liability"
"408","FI",2012,233462,"private_limited_liability"
"409","FI",2013,242575,"private_limited_liability"
"410","FI",2010,214973,"private_limited_liability"
"411","FI",2015,261311,"private_limited_liability"
"412","FI",2016,268335,"private_limited_liability"
"413","FI",2017,270553,"private_limited_liability"
"414","FI",2014,251644,"private_limited_liability"
"415","FI",2006,179482,"private_limited_liability"
"416","FI",2007,188056,"private_limited_liability"
"417","FI",2008,196429,"private_limited_liability"
"418","FI",2018,272084,"private_limited_liability"
"419","FI",2019,266134,"private_limited_liability"
"420","FI",2020,261316,"private_limited_liability"
"421","FR",2007,1492254,"private_limited_liability"
"422","FR",2011,1749709,"private_limited_liability"
"423","FR",2008,1567817,"private_limited_liability"
"424","FR",2009,1623797,"private_limited_liability"
"425","FR",2010,1694547,"private_limited_liability"
"426","FR",2015,2096050,"private_limited_liability"
"427","FR",2012,1825971,"private_limited_liability"
"428","FR",2013,1914498,"private_limited_liability"
"429","FR",2014,2003901,"private_limited_liability"
"430","FR",2006,1439524,"private_limited_liability"
"431","FR",2019,2562781,"private_limited_liability"
"432","FR",2018,2437033,"private_limited_liability"
"433","FR",2016,2200554,"private_limited_liability"
"434","FR",2017,2321665,"private_limited_liability"
"435","GA",2008,3520,"private_limited_liability"
"436","GA",2009,4529,"private_limited_liability"
"437","GA",2012,8286,"private_limited_liability"
"438","GA",2013,9707,"private_limited_liability"
"439","GA",2010,5777,"private_limited_liability"
"440","GA",2011,7028,"private_limited_liability"
"441","GA",2016,14046,"private_limited_liability"
"442","GA",2017,15238,"private_limited_liability"
"443","GA",2014,11327,"private_limited_liability"
"444","GA",2015,12871,"private_limited_liability"
"445","GA",2007,2451,"private_limited_liability"
"446","GA",2006,1432,"private_limited_liability"
"447","GA",2018,16344,"private_limited_liability"
"448","GE",2009,78802,"private_limited_liability"
"449","GE",2011,103336,"private_limited_liability"
"450","GE",2012,117694,"private_limited_liability"
"451","GE",2013,135224,"private_limited_liability"
"452","GE",2010,89622,"private_limited_liability"
"453","GE",2015,170589,"private_limited_liability"
"454","GE",2016,191609,"private_limited_liability"
"455","GE",2017,216782,"private_limited_liability"
"456","GE",2014,152536,"private_limited_liability"
"457","GE",2006,56199,"private_limited_liability"
"458","GE",2007,63752,"private_limited_liability"
"459","GE",2008,72354,"private_limited_liability"
"460","GE",2018,241794,"private_limited_liability"
"461","GE",2019,264093,"private_limited_liability"
"462","GE",2020,281788,"private_limited_liability"
"463","DE",2007,471033,"private_limited_liability"
"464","DE",2011,528385,"private_limited_liability"
"465","DE",2008,489479,"private_limited_liability"
"466","DE",2009,497996,"private_limited_liability"
"467","DE",2010,510743,"private_limited_liability"
"468","DE",2015,586574,"private_limited_liability"
"469","DE",2012,554465,"private_limited_liability"
"470","DE",2013,564962,"private_limited_liability"
"471","DE",2014,575396,"private_limited_liability"
"472","DE",2006,467626,"private_limited_liability"
"473","DE",2019,643135,"private_limited_liability"
"474","DE",2016,597965,"private_limited_liability"
"475","DE",2017,609705,"private_limited_liability"
"476","DE",2018,625223,"private_limited_liability"
"477","GR",2012,55891,"private_limited_liability"
"478","GR",2016,76702,"private_limited_liability"
"479","GR",2013,61250,"private_limited_liability"
"480","GR",2014,67134,"private_limited_liability"
"481","GR",2015,73713,"private_limited_liability"
"482","GR",2020,109449,"private_limited_liability"
"483","GR",2017,82470,"private_limited_liability"
"484","GR",2018,90429,"private_limited_liability"
"485","GR",2019,99937,"private_limited_liability"
"486","GR",2011,51199,"private_limited_liability"
"487","GD",2010,4423,"private_limited_liability"
"488","GD",2011,4500,"private_limited_liability"
"489","GD",2012,4558,"private_limited_liability"
"490","GD",2013,4643,"private_limited_liability"
"491","GD",2014,4691,"private_limited_liability"
"492","GD",2015,4781,"private_limited_liability"
"493","GD",2016,4921,"private_limited_liability"
"494","GD",2017,5042,"private_limited_liability"
"495","GD",2018,5191,"private_limited_liability"
"496","GD",2006,3871,"private_limited_liability"
"497","GD",2007,4055,"private_limited_liability"
"498","GD",2008,4226,"private_limited_liability"
"499","GD",2009,4309,"private_limited_liability"
"500","HK",2010,863762,"private_limited_liability"
"501","HK",2011,956392,"private_limited_liability"
"502","HK",2012,1044644,"private_limited_liability"
"503","HK",2013,1162931,"private_limited_liability"
"504","HK",2014,1272693,"private_limited_liability"
"505","HK",2015,1288666,"private_limited_liability"
"506","HK",2016,1341223,"private_limited_liability"
"507","HK",2017,1383946,"private_limited_liability"
"508","HK",2018,1400950,"private_limited_liability"
"509","HK",2006,591944,"private_limited_liability"
"510","HK",2007,655038,"private_limited_liability"
"511","HK",2008,710766,"private_limited_liability"
"512","HK",2009,772253,"private_limited_liability"
"513","HK",2019,1380185,"private_limited_liability"
"514","HK",2020,1387919,"private_limited_liability"
"515","HU",2008,292165,"private_limited_liability"
"516","HU",2009,319849,"private_limited_liability"
"517","HU",2012,405077,"private_limited_liability"
"518","HU",2013,413386,"private_limited_liability"
"519","HU",2010,350245,"private_limited_liability"
"520","HU",2011,388426,"private_limited_liability"
"521","HU",2016,385938,"private_limited_liability"
"522","HU",2017,380082,"private_limited_liability"
"523","HU",2014,412636,"private_limited_liability"
"524","HU",2015,398161,"private_limited_liability"
"525","HU",2020,380870,"private_limited_liability"
"526","HU",2007,257347,"private_limited_liability"
"527","HU",2018,376304,"private_limited_liability"
"528","HU",2019,375884,"private_limited_liability"
"529","HU",2006,238411,"private_limited_liability"
"530","IS",2007,27557,"private_limited_liability"
"531","IS",2011,30004,"private_limited_liability"
"532","IS",2008,28662,"private_limited_liability"
"533","IS",2009,30167,"private_limited_liability"
"534","IS",2010,30188,"private_limited_liability"
"535","IS",2015,33642,"private_limited_liability"
"536","IS",2012,30318,"private_limited_liability"
"537","IS",2013,31086,"private_limited_liability"
"538","IS",2014,32119,"private_limited_liability"
"539","IS",2006,25386,"private_limited_liability"
"540","IS",2020,40004,"private_limited_liability"
"541","IS",2016,34966,"private_limited_liability"
"542","IS",2017,36503,"private_limited_liability"
"543","IS",2018,37544,"private_limited_liability"
"544","IS",2019,38572,"private_limited_liability"
"545","IN",2006,762401,"private_limited_liability"
"546","IN",2007,805581,"private_limited_liability"
"547","IN",2008,821735,"private_limited_liability"
"548","IN",2009,858192,"private_limited_liability"
"549","IN",2010,912822,"private_limited_liability"
"550","IN",2011,962561,"private_limited_liability"
"551","IN",2012,1048563,"private_limited_liability"
"552","IN",2013,1131119,"private_limited_liability"
"553","IN",2018,1178740,"private_limited_liability"
"554","IN",2019,1220450,"private_limited_liability"
"555","IN",2020,1348386,"private_limited_liability"
"556","IN",2014,1180474,"private_limited_liability"
"557","IN",2015,1239909,"private_limited_liability"
"558","IN",2016,1317538,"private_limited_liability"
"559","IN",2017,1194127,"private_limited_liability"
"560","IR",2020,585548,"private_limited_liability"
"561","IQ",2006,32019,"private_limited_liability"
"562","IQ",2007,35527,"private_limited_liability"
"563","IQ",2008,40820,"private_limited_liability"
"564","IQ",2009,45527,"private_limited_liability"
"565","IQ",2010,48059,"private_limited_liability"
"566","IQ",2011,50068,"private_limited_liability"
"567","IQ",2012,52476,"private_limited_liability"
"568","IQ",2016,61299,"private_limited_liability"
"569","IQ",2013,55520,"private_limited_liability"
"570","IQ",2014,57478,"private_limited_liability"
"571","IQ",2015,59279,"private_limited_liability"
"572","IE",2006,167574,"private_limited_liability"
"573","IE",2007,177513,"private_limited_liability"
"574","IE",2008,180668,"private_limited_liability"
"575","IE",2009,181307,"private_limited_liability"
"576","IE",2010,181681,"private_limited_liability"
"577","IE",2011,181055,"private_limited_liability"
"578","IE",2012,185549,"private_limited_liability"
"579","IE",2013,182815,"private_limited_liability"
"580","IE",2014,188009,"private_limited_liability"
"581","IE",2019,231232,"private_limited_liability"
"582","IE",2020,249607,"private_limited_liability"
"583","IE",2016,203111,"private_limited_liability"
"584","IE",2017,213011,"private_limited_liability"
"585","IE",2018,221092,"private_limited_liability"
"586","IE",2015,196585,"private_limited_liability"
"587","IM",2006,31269,"private_limited_liability"
"588","IM",2007,32714,"private_limited_liability"
"589","IM",2008,31201,"private_limited_liability"
"590","IM",2009,30009,"private_limited_liability"
"591","IM",2010,29289,"private_limited_liability"
"592","IM",2011,29084,"private_limited_liability"
"593","IM",2012,28820,"private_limited_liability"
"594","IM",2016,27377,"private_limited_liability"
"595","IM",2013,28611,"private_limited_liability"
"596","IM",2014,28303,"private_limited_liability"
"597","IM",2015,28785,"private_limited_liability"
"598","IL",2007,252686,"private_limited_liability"
"599","IL",2011,304883,"private_limited_liability"
"600","IL",2008,265621,"private_limited_liability"
"601","IL",2009,278175,"private_limited_liability"
"602","IL",2010,292400,"private_limited_liability"
"603","IL",2015,347284,"private_limited_liability"
"604","IL",2012,315071,"private_limited_liability"
"605","IL",2013,323893,"private_limited_liability"
"606","IL",2014,334886,"private_limited_liability"
"607","IL",2006,238570,"private_limited_liability"
"608","IL",2020,410995,"private_limited_liability"
"609","IL",2016,360359,"private_limited_liability"
"610","IL",2017,370609,"private_limited_liability"
"611","IL",2018,380744,"private_limited_liability"
"612","IL",2019,379527,"private_limited_liability"
"613","IT",2006,1120737,"private_limited_liability"
"614","IT",2007,1171707,"private_limited_liability"
"615","IT",2008,1208277,"private_limited_liability"
"616","IT",2009,1251736,"private_limited_liability"
"617","IT",2010,1296213,"private_limited_liability"
"618","IT",2011,1334317,"private_limited_liability"
"619","IT",2012,1362251,"private_limited_liability"
"620","IT",2013,1396509,"private_limited_liability"
"621","IT",2018,1675099,"private_limited_liability"
"622","IT",2014,1441797,"private_limited_liability"
"623","IT",2015,1496488,"private_limited_liability"
"624","IT",2016,1549655,"private_limited_liability"
"625","IT",2017,1610820,"private_limited_liability"
"626","JM",2006,71195,"private_limited_liability"
"627","JM",2007,73219,"private_limited_liability"
"628","JM",2008,75356,"private_limited_liability"
"629","JM",2009,77413,"private_limited_liability"
"630","JM",2010,79433,"private_limited_liability"
"631","JM",2011,81330,"private_limited_liability"
"632","JM",2012,83276,"private_limited_liability"
"633","JM",2013,85224,"private_limited_liability"
"634","JM",2018,97662,"private_limited_liability"
"635","JM",2019,101484,"private_limited_liability"
"636","JM",2020,105448,"private_limited_liability"
"637","JM",2015,89226,"private_limited_liability"
"638","JM",2016,91770,"private_limited_liability"
"639","JM",2017,94503,"private_limited_liability"
"640","JM",2014,86999,"private_limited_liability"
"641","JP",2007,9000,"private_limited_liability"
"642","JP",2008,14000,"private_limited_liability"
"643","JP",2009,19000,"private_limited_liability"
"644","JP",2010,26000,"private_limited_liability"
"645","JP",2011,34000,"private_limited_liability"
"646","JP",2012,43000,"private_limited_liability"
"647","JP",2013,57000,"private_limited_liability"
"648","JP",2018,165000,"private_limited_liability"
"649","JP",2019,192000,"private_limited_liability"
"650","JP",2020,221000,"private_limited_liability"
"651","JP",2016,115000,"private_limited_liability"
"652","JP",2017,139000,"private_limited_liability"
"653","JP",2014,75000,"private_limited_liability"
"654","JP",2015,95000,"private_limited_liability"
"655","JO",2006,14116,"private_limited_liability"
"656","JO",2007,16307,"private_limited_liability"
"657","JO",2008,18820,"private_limited_liability"
"658","JO",2009,217715,"private_limited_liability"
"659","JO",2010,25001,"private_limited_liability"
"660","JO",2011,28760,"private_limited_liability"
"661","JO",2016,48990,"private_limited_liability"
"662","JO",2017,53165,"private_limited_liability"
"663","JO",2018,56664,"private_limited_liability"
"664","JO",2019,59741,"private_limited_liability"
"665","JO",2020,62519,"private_limited_liability"
"666","JO",2012,32901,"private_limited_liability"
"667","JO",2013,37321,"private_limited_liability"
"668","JO",2014,41677,"private_limited_liability"
"669","JO",2015,45331,"private_limited_liability"
"670","KZ",2006,180522,"private_limited_liability"
"671","KZ",2007,200261,"private_limited_liability"
"672","KZ",2008,214196,"private_limited_liability"
"673","KZ",2009,217436,"private_limited_liability"
"674","KZ",2014,282443,"private_limited_liability"
"675","KZ",2015,293125,"private_limited_liability"
"676","KZ",2016,314708,"private_limited_liability"
"677","KZ",2017,342712,"private_limited_liability"
"678","KZ",2018,366176,"private_limited_liability"
"679","KZ",2019,399082,"private_limited_liability"
"680","KZ",2020,440293,"private_limited_liability"
"681","KZ",2010,218143,"private_limited_liability"
"682","KZ",2011,232366,"private_limited_liability"
"683","KZ",2012,247770,"private_limited_liability"
"684","KZ",2013,267371,"private_limited_liability"
"685","KR",2006,335121,"private_limited_liability"
"686","KR",2007,353292,"private_limited_liability"
"687","KR",2008,378095,"private_limited_liability"
"688","KR",2009,397970,"private_limited_liability"
"689","KR",2014,526280,"private_limited_liability"
"690","KR",2015,564685,"private_limited_liability"
"691","KR",2016,614175,"private_limited_liability"
"692","KR",2017,660873,"private_limited_liability"
"693","KR",2018,704005,"private_limited_liability"
"694","KR",2019,748732,"private_limited_liability"
"695","KR",2011,436423,"private_limited_liability"
"696","KR",2012,459856,"private_limited_liability"
"697","KR",2013,494047,"private_limited_liability"
"698","KR",2010,417973,"private_limited_liability"
"699","XK",2006,2925,"private_limited_liability"
"700","XK",2007,3783,"private_limited_liability"
"701","XK",2008,4659,"private_limited_liability"
"702","XK",2013,11030,"private_limited_liability"
"703","XK",2014,13147,"private_limited_liability"
"704","XK",2015,15686,"private_limited_liability"
"705","XK",2016,19664,"private_limited_liability"
"706","XK",2017,24320,"private_limited_liability"
"707","XK",2018,29686,"private_limited_liability"
"708","XK",2019,35272,"private_limited_liability"
"709","XK",2020,41040,"private_limited_liability"
"710","XK",2012,9060,"private_limited_liability"
"711","XK",2009,5517,"private_limited_liability"
"712","XK",2010,6488,"private_limited_liability"
"713","XK",2011,7594,"private_limited_liability"
"714","KG",2006,4409,"private_limited_liability"
"715","KG",2011,5285,"private_limited_liability"
"716","KG",2012,6129,"private_limited_liability"
"717","KG",2007,5388,"private_limited_liability"
"718","KG",2008,5494,"private_limited_liability"
"719","KG",2009,4600,"private_limited_liability"
"720","KG",2010,4441,"private_limited_liability"
"721","LV",2006,70775,"private_limited_liability"
"722","LV",2007,81650,"private_limited_liability"
"723","LV",2008,89389,"private_limited_liability"
"724","LV",2009,94932,"private_limited_liability"
"725","LV",2010,105048,"private_limited_liability"
"726","LV",2011,119711,"private_limited_liability"
"727","LV",2012,133045,"private_limited_liability"
"728","LV",2013,146026,"private_limited_liability"
"729","LV",2018,150131,"private_limited_liability"
"730","LV",2019,137565,"private_limited_liability"
"731","LV",2020,135457,"private_limited_liability"
"732","LV",2016,163980,"private_limited_liability"
"733","LV",2017,159198,"private_limited_liability"
"734","LV",2014,156399,"private_limited_liability"
"735","LV",2015,162655,"private_limited_liability"
"736","LS",2006,11349,"private_limited_liability"
"737","LS",2007,12391,"private_limited_liability"
"738","LS",2008,13788,"private_limited_liability"
"739","LS",2009,15289,"private_limited_liability"
"740","LS",2010,17009,"private_limited_liability"
"741","LS",2011,18584,"private_limited_liability"
"742","LS",2016,29217,"private_limited_liability"
"743","LS",2017,31660,"private_limited_liability"
"744","LS",2018,35385,"private_limited_liability"
"745","LS",2019,34532,"private_limited_liability"
"746","LS",2020,35385,"private_limited_liability"
"747","LS",2012,20379,"private_limited_liability"
"748","LS",2013,22411,"private_limited_liability"
"749","LS",2014,24344,"private_limited_liability"
"750","LS",2015,26916,"private_limited_liability"
"751","LI",2008,85,"private_limited_liability"
"752","LI",2009,84,"private_limited_liability"
"753","LI",2010,87,"private_limited_liability"
"754","LI",2011,106,"private_limited_liability"
"755","LI",2016,232,"private_limited_liability"
"756","LI",2017,345,"private_limited_liability"
"757","LI",2018,501,"private_limited_liability"
"758","LI",2013,161,"private_limited_liability"
"759","LI",2014,174,"private_limited_liability"
"760","LI",2015,197,"private_limited_liability"
"761","LI",2012,127,"private_limited_liability"
"762","LT",2006,61568,"private_limited_liability"
"763","LT",2007,67095,"private_limited_liability"
"764","LT",2008,72619,"private_limited_liability"
"765","LT",2009,77042,"private_limited_liability"
"766","LT",2010,86239,"private_limited_liability"
"767","LT",2011,92842,"private_limited_liability"
"768","LT",2012,102270,"private_limited_liability"
"769","LT",2017,124627,"private_limited_liability"
"770","LT",2018,128124,"private_limited_liability"
"771","LT",2019,131869,"private_limited_liability"
"772","LT",2020,135295,"private_limited_liability"
"773","LT",2016,120278,"private_limited_liability"
"774","LT",2013,108677,"private_limited_liability"
"775","LT",2014,115366,"private_limited_liability"
"776","LT",2015,119961,"private_limited_liability"
"777","LU",2009,43458,"private_limited_liability"
"778","LU",2010,46319,"private_limited_liability"
"779","LU",2011,49419,"private_limited_liability"
"780","LU",2012,52706,"private_limited_liability"
"781","LU",2013,56072,"private_limited_liability"
"782","LU",2018,75185,"private_limited_liability"
"783","LU",2019,78917,"private_limited_liability"
"784","LU",2020,76510,"private_limited_liability"
"785","LU",2016,67886,"private_limited_liability"
"786","LU",2017,70792,"private_limited_liability"
"787","LU",2014,60182,"private_limited_liability"
"788","LU",2015,64260,"private_limited_liability"
"789","MG",2014,11107,"private_limited_liability"
"790","MG",2015,12650,"private_limited_liability"
"791","MG",2016,14222,"private_limited_liability"
"792","MG",2017,16126,"private_limited_liability"
"793","MG",2018,18007,"private_limited_liability"
"794","MY",2006,756245,"private_limited_liability"
"795","MY",2011,972500,"private_limited_liability"
"796","MY",2012,1017941,"private_limited_liability"
"797","MY",2013,1064262,"private_limited_liability"
"798","MY",2014,1113465,"private_limited_liability"
"799","MY",2015,1162975,"private_limited_liability"
"800","MY",2016,1209530,"private_limited_liability"
"801","MY",2017,1261615,"private_limited_liability"
"802","MY",2018,1313337,"private_limited_liability"
"803","MY",2019,1362760,"private_limited_liability"
"804","MY",2020,1410593,"private_limited_liability"
"805","MY",2009,882243,"private_limited_liability"
"806","MY",2010,927045,"private_limited_liability"
"807","MY",2007,799582,"private_limited_liability"
"808","MY",2008,841205,"private_limited_liability"
"809","MV",2006,1512,"private_limited_liability"
"810","MV",2007,1793,"private_limited_liability"
"811","MV",2012,3348,"private_limited_liability"
"812","MV",2013,3763,"private_limited_liability"
"813","MV",2014,4442,"private_limited_liability"
"814","MV",2015,5333,"private_limited_liability"
"815","MV",2016,6508,"private_limited_liability"
"816","MV",2017,7714,"private_limited_liability"
"817","MV",2018,8776,"private_limited_liability"
"818","MV",2019,10034,"private_limited_liability"
"819","MV",2020,11182,"private_limited_liability"
"820","MV",2008,2088,"private_limited_liability"
"821","MV",2009,2384,"private_limited_liability"
"822","MV",2010,2683,"private_limited_liability"
"823","MV",2011,3013,"private_limited_liability"
"824","MT",2010,51523,"private_limited_liability"
"825","MT",2011,54848,"private_limited_liability"
"826","MT",2012,58784,"private_limited_liability"
"827","MT",2013,63261,"private_limited_liability"
"828","MT",2014,68275,"private_limited_liability"
"829","MT",2015,73647,"private_limited_liability"
"830","MT",2016,78772,"private_limited_liability"
"831","MT",2017,84048,"private_limited_liability"
"832","MT",2018,89575,"private_limited_liability"
"833","MT",2006,40533,"private_limited_liability"
"834","MT",2007,43196,"private_limited_liability"
"835","MT",2008,45936,"private_limited_liability"
"836","MT",2009,48518,"private_limited_liability"
"837","MT",2019,93747,"private_limited_liability"
"838","MT",2020,97143,"private_limited_liability"
"839","MR",2018,3298,"private_limited_liability"
"840","MR",2017,2339,"private_limited_liability"
"841","MR",2016,1217,"private_limited_liability"
"842","MU",2006,40491,"private_limited_liability"
"843","MU",2007,47916,"private_limited_liability"
"844","MU",2008,56271,"private_limited_liability"
"845","MU",2009,62729,"private_limited_liability"
"846","MU",2010,67921,"private_limited_liability"
"847","MU",2011,69442,"private_limited_liability"
"848","MU",2012,76853,"private_limited_liability"
"849","MU",2013,40691,"private_limited_liability"
"850","MU",2014,45199,"private_limited_liability"
"851","MU",2019,70301,"private_limited_liability"
"852","MU",2020,78320,"private_limited_liability"
"853","MU",2016,58313,"private_limited_liability"
"854","MU",2017,66951,"private_limited_liability"
"855","MU",2018,75222,"private_limited_liability"
"856","MU",2015,50678,"private_limited_liability"
"857","MX",2006,266439,"private_limited_liability"
"858","MX",2007,292776,"private_limited_liability"
"859","MX",2008,320002,"private_limited_liability"
"860","MX",2009,358583,"private_limited_liability"
"861","MX",2010,403904,"private_limited_liability"
"862","MX",2011,448690,"private_limited_liability"
"863","MX",2012,479718,"private_limited_liability"
"864","MX",2017,1121248,"private_limited_liability"
"865","MX",2018,1205151,"private_limited_liability"
"866","MX",2019,1289471,"private_limited_liability"
"867","MX",2020,1357585,"private_limited_liability"
"868","MX",2016,657327,"private_limited_liability"
"869","MX",2013,522280,"private_limited_liability"
"870","MX",2014,565897,"private_limited_liability"
"871","MX",2015,612071,"private_limited_liability"
"872","MN",2006,19782,"private_limited_liability"
"873","MN",2007,31516,"private_limited_liability"
"874","MN",2008,41142,"private_limited_liability"
"875","MN",2009,48231,"private_limited_liability"
"876","MN",2010,56958,"private_limited_liability"
"877","MN",2015,111228,"private_limited_liability"
"878","MN",2016,118520,"private_limited_liability"
"879","MN",2017,130421,"private_limited_liability"
"880","MN",2018,141453,"private_limited_liability"
"881","MN",2019,153387,"private_limited_liability"
"882","MN",2020,165330,"private_limited_liability"
"883","MN",2011,68082,"private_limited_liability"
"884","MN",2012,79168,"private_limited_liability"
"885","MN",2013,91531,"private_limited_liability"
"886","MN",2014,103613,"private_limited_liability"
"887","ME",2006,14597,"private_limited_liability"
"888","ME",2007,18449,"private_limited_liability"
"889","ME",2008,21263,"private_limited_liability"
"890","ME",2009,22619,"private_limited_liability"
"891","ME",2014,30897,"private_limited_liability"
"892","ME",2015,32198,"private_limited_liability"
"893","ME",2016,33494,"private_limited_liability"
"894","ME",2017,35511,"private_limited_liability"
"895","ME",2018,38963,"private_limited_liability"
"896","ME",2019,41447,"private_limited_liability"
"897","ME",2020,43612,"private_limited_liability"
"898","ME",2012,27171,"private_limited_liability"
"899","ME",2013,28926,"private_limited_liability"
"900","ME",2010,24063,"private_limited_liability"
"901","ME",2011,25518,"private_limited_liability"
"902","MA",2006,128400,"private_limited_liability"
"903","MA",2007,152272,"private_limited_liability"
"904","MA",2012,286177,"private_limited_liability"
"905","MA",2013,315558,"private_limited_liability"
"906","MA",2014,345889,"private_limited_liability"
"907","MA",2015,376538,"private_limited_liability"
"908","MA",2016,408998,"private_limited_liability"
"909","MA",2017,442135,"private_limited_liability"
"910","MA",2018,480556,"private_limited_liability"
"911","MA",2019,523244,"private_limited_liability"
"912","MA",2020,572930,"private_limited_liability"
"913","MA",2008,177384,"private_limited_liability"
"914","MA",2009,202939,"private_limited_liability"
"915","MA",2010,228895,"private_limited_liability"
"916","MA",2011,256463,"private_limited_liability"
"917","MM",2010,8193,"private_limited_liability"
"918","MM",2011,10137,"private_limited_liability"
"919","MM",2012,13215,"private_limited_liability"
"920","MM",2013,17291,"private_limited_liability"
"921","MM",2014,21812,"private_limited_liability"
"922","MM",2015,26577,"private_limited_liability"
"923","MM",2016,33240,"private_limited_liability"
"924","MM",2017,40798,"private_limited_liability"
"925","MM",2018,54849,"private_limited_liability"
"926","MM",2008,6250,"private_limited_liability"
"927","MM",2009,7007,"private_limited_liability"
"928","MM",2006,5008,"private_limited_liability"
"929","MM",2007,5546,"private_limited_liability"
"930","NP",2006,52577,"private_limited_liability"
"931","NP",2007,59709,"private_limited_liability"
"932","NP",2012,108318,"private_limited_liability"
"933","NP",2013,117677,"private_limited_liability"
"934","NP",2014,129468,"private_limited_liability"
"935","NP",2015,140604,"private_limited_liability"
"936","NP",2016,159136,"private_limited_liability"
"937","NP",2017,178404,"private_limited_liability"
"938","NP",2018,202492,"private_limited_liability"
"939","NP",2010,87862,"private_limited_liability"
"940","NP",2011,97862,"private_limited_liability"
"941","NP",2008,68219,"private_limited_liability"
"942","NP",2009,78112,"private_limited_liability"
"943","AN",2006,22342,"private_limited_liability"
"944","AN",2007,22113,"private_limited_liability"
"945","AN",2012,20783,"private_limited_liability"
"946","AN",2013,20506,"private_limited_liability"
"947","AN",2014,20126,"private_limited_liability"
"948","AN",2015,19648,"private_limited_liability"
"949","AN",2016,19276,"private_limited_liability"
"950","AN",2008,22261,"private_limited_liability"
"951","AN",2009,21751,"private_limited_liability"
"952","AN",2010,21139,"private_limited_liability"
"953","AN",2011,21049,"private_limited_liability"
"954","NZ",2006,453855,"private_limited_liability"
"955","NZ",2007,495911,"private_limited_liability"
"956","NZ",2008,519620,"private_limited_liability"
"957","NZ",2009,534769,"private_limited_liability"
"958","NZ",2014,557322,"private_limited_liability"
"959","NZ",2015,570057,"private_limited_liability"
"960","NZ",2016,577789,"private_limited_liability"
"961","NZ",2017,593181,"private_limited_liability"
"962","NZ",2018,616277,"private_limited_liability"
"963","NZ",2019,640228,"private_limited_liability"
"964","NZ",2020,668268,"private_limited_liability"
"965","NZ",2011,553338,"private_limited_liability"
"966","NZ",2012,556060,"private_limited_liability"
"967","NZ",2013,547200,"private_limited_liability"
"968","NZ",2010,558594,"private_limited_liability"
"969","NG",2006,580021,"private_limited_liability"
"970","NG",2007,626261,"private_limited_liability"
"971","NG",2008,690201,"private_limited_liability"
"972","NG",2013,1048529,"private_limited_liability"
"973","NG",2014,1120200,"private_limited_liability"
"974","NG",2015,1190641,"private_limited_liability"
"975","NG",2016,1266021,"private_limited_liability"
"976","NG",2017,1344561,"private_limited_liability"
"977","NG",2018,1430870,"private_limited_liability"
"978","NG",2019,1521618,"private_limited_liability"
"979","NG",2020,1619606,"private_limited_liability"
"980","NG",2012,973868,"private_limited_liability"
"981","NG",2009,755254,"private_limited_liability"
"982","NG",2010,820328,"private_limited_liability"
"983","NG",2011,892724,"private_limited_liability"
"984","MK",2006,73100,"private_limited_liability"
"985","MK",2011,89236,"private_limited_liability"
"986","MK",2012,90779,"private_limited_liability"
"987","MK",2013,91001,"private_limited_liability"
"988","MK",2014,92256,"private_limited_liability"
"989","MK",2015,94486,"private_limited_liability"
"990","MK",2016,72976,"private_limited_liability"
"991","MK",2017,69376,"private_limited_liability"
"992","MK",2018,69238,"private_limited_liability"
"993","MK",2019,69276,"private_limited_liability"
"994","MK",2007,77917,"private_limited_liability"
"995","MK",2008,83148,"private_limited_liability"
"996","MK",2009,85997,"private_limited_liability"
"997","MK",2010,88117,"private_limited_liability"
"998","MK",2020,69987,"private_limited_liability"
"999","NO",2009,213224,"private_limited_liability"
"1000","NO",2010,215076,"private_limited_liability"
"1001","NO",2012,235174,"private_limited_liability"
"1002","NO",2013,250367,"private_limited_liability"
"1003","NO",2014,264457,"private_limited_liability"
"1004","NO",2011,219977,"private_limited_liability"
"1005","NO",2016,291082,"private_limited_liability"
"1006","NO",2017,310379,"private_limited_liability"
"1007","NO",2018,320379,"private_limited_liability"
"1008","NO",2015,277748,"private_limited_liability"
"1009","NO",2020,349229,"private_limited_liability"
"1010","NO",2007,203740,"private_limited_liability"
"1011","NO",2008,211439,"private_limited_liability"
"1012","NO",2019,333883,"private_limited_liability"
"1013","NO",2006,192168,"private_limited_liability"
"1014","OM",2008,25460,"private_limited_liability"
"1015","OM",2011,38033,"private_limited_liability"
"1016","OM",2012,43124,"private_limited_liability"
"1017","OM",2009,29106,"private_limited_liability"
"1018","OM",2010,32917,"private_limited_liability"
"1019","OM",2015,57859,"private_limited_liability"
"1020","OM",2016,65525,"private_limited_liability"
"1021","OM",2013,47605,"private_limited_liability"
"1022","OM",2014,51143,"private_limited_liability"
"1023","OM",2006,17300,"private_limited_liability"
"1024","OM",2007,21115,"private_limited_liability"
"1025","OM",2020,89064,"private_limited_liability"
"1026","OM",2017,71332,"private_limited_liability"
"1027","OM",2018,76757,"private_limited_liability"
"1028","OM",2019,83260,"private_limited_liability"
"1029","PK",2006,30681,"private_limited_liability"
"1030","PK",2007,34037,"private_limited_liability"
"1031","PK",2008,37495,"private_limited_liability"
"1032","PK",2009,39909,"private_limited_liability"
"1033","PK",2010,42777,"private_limited_liability"
"1034","PK",2011,46144,"private_limited_liability"
"1035","PK",2012,50072,"private_limited_liability"
"1036","PK",2013,54009,"private_limited_liability"
"1037","PK",2014,58689,"private_limited_liability"
"1038","PK",2019,109363,"private_limited_liability"
"1039","PK",2020,129154,"private_limited_liability"
"1040","PK",2018,93405,"private_limited_liability"
"1041","PK",2015,64074,"private_limited_liability"
"1042","PK",2016,70790,"private_limited_liability"
"1043","PK",2017,80414,"private_limited_liability"
"1044","PA",2016,731781,"private_limited_liability"
"1045","PA",2017,738595,"private_limited_liability"
"1046","PA",2018,745616,"private_limited_liability"
"1047","PA",2019,754515,"private_limited_liability"
"1048","PA",2020,761107,"private_limited_liability"
"1049","PE",2006,540693,"private_limited_liability"
"1050","PE",2007,588254,"private_limited_liability"
"1051","PE",2008,643928,"private_limited_liability"
"1052","PE",2009,699807,"private_limited_liability"
"1053","PE",2014,1055789,"private_limited_liability"
"1054","PE",2015,1135320,"private_limited_liability"
"1055","PE",2016,1211155,"private_limited_liability"
"1056","PE",2017,1290668,"private_limited_liability"
"1057","PE",2018,1370466,"private_limited_liability"
"1058","PE",2019,1459248,"private_limited_liability"
"1059","PE",2020,1542599,"private_limited_liability"
"1060","PE",2012,906559,"private_limited_liability"
"1061","PE",2013,981301,"private_limited_liability"
"1062","PE",2010,760054,"private_limited_liability"
"1063","PE",2011,831349,"private_limited_liability"
"1064","PH",2015,330515,"private_limited_liability"
"1065","PH",2016,356485,"private_limited_liability"
"1066","PH",2020,403687,"private_limited_liability"
"1067","PH",2017,378573,"private_limited_liability"
"1068","PH",2018,373214,"private_limited_liability"
"1069","PH",2019,395384,"private_limited_liability"
"1070","PO",2006,122789,"private_limited_liability"
"1071","PO",2007,134349,"private_limited_liability"
"1072","PO",2008,144474,"private_limited_liability"
"1073","PO",2009,156520,"private_limited_liability"
"1074","PO",2010,171979,"private_limited_liability"
"1075","PO",2011,188514,"private_limited_liability"
"1076","PO",2012,210344,"private_limited_liability"
"1077","PO",2013,237244,"private_limited_liability"
"1078","PO",2014,264013,"private_limited_liability"
"1079","PO",2019,418499,"private_limited_liability"
"1080","PO",2020,446750,"private_limited_liability"
"1081","PO",2015,300467,"private_limited_liability"
"1082","PO",2016,337886,"private_limited_liability"
"1083","PO",2017,367471,"private_limited_liability"
"1084","PO",2018,392668,"private_limited_liability"
"1085","PT",2006,592125,"private_limited_liability"
"1086","PT",2007,610889,"private_limited_liability"
"1087","PT",2008,601694,"private_limited_liability"
"1088","PT",2009,584774,"private_limited_liability"
"1089","PT",2010,593223,"private_limited_liability"
"1090","PT",2011,592367,"private_limited_liability"
"1091","PT",2012,593323,"private_limited_liability"
"1092","PT",2013,606851,"private_limited_liability"
"1093","PT",2018,653254,"private_limited_liability"
"1094","PT",2019,683469,"private_limited_liability"
"1095","PT",2020,703369,"private_limited_liability"
"1096","PT",2016,614315,"private_limited_liability"
"1097","PT",2017,637203,"private_limited_liability"
"1098","PT",2014,604612,"private_limited_liability"
"1099","PT",2015,617207,"private_limited_liability"
"1100","PR",2015,16625,"private_limited_liability"
"1101","PR",2016,20497,"private_limited_liability"
"1102","PR",2017,25694,"private_limited_liability"
"1103","PR",2018,30569,"private_limited_liability"
"1104","PR",2019,37951,"private_limited_liability"
"1105","PR",2020,48057,"private_limited_liability"
"1106","RO",2010,925282,"private_limited_liability"
"1107","RO",2011,940404,"private_limited_liability"
"1108","RO",2012,947512,"private_limited_liability"
"1109","RO",2013,949743,"private_limited_liability"
"1110","RO",2014,957409,"private_limited_liability"
"1111","RO",2015,971727,"private_limited_liability"
"1112","RO",2016,983064,"private_limited_liability"
"1113","RO",2017,1031280,"private_limited_liability"
"1114","RO",2018,1083244,"private_limited_liability"
"1115","RO",2006,765202,"private_limited_liability"
"1116","RO",2007,742209,"private_limited_liability"
"1117","RO",2008,912216,"private_limited_liability"
"1118","RO",2009,919703,"private_limited_liability"
"1119","RO",2019,1137968,"private_limited_liability"
"1120","RO",2020,1187681,"private_limited_liability"
"1121","RU",2008,3007145,"private_limited_liability"
"1122","RU",2009,3242594,"private_limited_liability"
"1123","RU",2012,3600128,"private_limited_liability"
"1124","RU",2013,3693451,"private_limited_liability"
"1125","RU",2010,3477933,"private_limited_liability"
"1126","RU",2011,3562329,"private_limited_liability"
"1127","RU",2016,3742114,"private_limited_liability"
"1128","RU",2017,3587250,"private_limited_liability"
"1129","RU",2014,3778274,"private_limited_liability"
"1130","RU",2015,3962627,"private_limited_liability"
"1131","RU",2020,2727921,"private_limited_liability"
"1132","RU",2007,2615804,"private_limited_liability"
"1133","RU",2018,3338503,"private_limited_liability"
"1134","RU",2019,3018916,"private_limited_liability"
"1135","RU",2006,2244695,"private_limited_liability"
"1136","RW",2007,1162,"private_limited_liability"
"1137","RW",2011,12582,"private_limited_liability"
"1138","RW",2008,1492,"private_limited_liability"
"1139","RW",2009,2902,"private_limited_liability"
"1140","RW",2010,6543,"private_limited_liability"
"1141","RW",2015,50265,"private_limited_liability"
"1142","RW",2012,21092,"private_limited_liability"
"1143","RW",2013,30383,"private_limited_liability"
"1144","RW",2014,40381,"private_limited_liability"
"1145","RW",2006,848,"private_limited_liability"
"1146","RW",2020,108783,"private_limited_liability"
"1147","RW",2016,60218,"private_limited_liability"
"1148","RW",2017,70075,"private_limited_liability"
"1149","RW",2018,80476,"private_limited_liability"
"1150","RW",2019,92793,"private_limited_liability"
"1151","SA",2006,36817,"private_limited_liability"
"1152","SA",2007,39933,"private_limited_liability"
"1153","SA",2008,43771,"private_limited_liability"
"1154","SA",2009,47865,"private_limited_liability"
"1155","SA",2010,52454,"private_limited_liability"
"1156","SA",2011,57702,"private_limited_liability"
"1157","SA",2012,64417,"private_limited_liability"
"1158","SA",2013,71657,"private_limited_liability"
"1159","SA",2018,112532,"private_limited_liability"
"1160","SA",2019,151336,"private_limited_liability"
"1161","SA",2020,150949,"private_limited_liability"
"1162","SA",2017,105829,"private_limited_liability"
"1163","SA",2014,79753,"private_limited_liability"
"1164","SA",2015,88884,"private_limited_liability"
"1165","SA",2016,97309,"private_limited_liability"
"1166","SN",2006,8213,"private_limited_liability"
"1167","SN",2007,11265,"private_limited_liability"
"1168","SN",2008,12967,"private_limited_liability"
"1169","SN",2009,15209,"private_limited_liability"
"1170","SN",2010,16994,"private_limited_liability"
"1171","SN",2011,18809,"private_limited_liability"
"1172","SN",2012,20754,"private_limited_liability"
"1173","SN",2013,22871,"private_limited_liability"
"1174","SN",2014,25238,"private_limited_liability"
"1175","SN",2019,43905,"private_limited_liability"
"1176","SN",2020,48189,"private_limited_liability"
"1177","SN",2016,31915,"private_limited_liability"
"1178","SN",2017,35627,"private_limited_liability"
"1179","SN",2018,39630,"private_limited_liability"
"1180","SN",2015,28496,"private_limited_liability"
"1181","RS",2007,88086,"private_limited_liability"
"1182","RS",2008,97101,"private_limited_liability"
"1183","RS",2009,104455,"private_limited_liability"
"1184","RS",2010,106912,"private_limited_liability"
"1185","RS",2011,104123,"private_limited_liability"
"1186","RS",2012,106157,"private_limited_liability"
"1187","RS",2013,112811,"private_limited_liability"
"1188","RS",2018,141847,"private_limited_liability"
"1189","RS",2019,125041,"private_limited_liability"
"1190","RS",2020,126328,"private_limited_liability"
"1191","RS",2016,130764,"private_limited_liability"
"1192","RS",2017,136890,"private_limited_liability"
"1193","RS",2014,118643,"private_limited_liability"
"1194","RS",2015,124580,"private_limited_liability"
"1195","SL",2017,2207,"private_limited_liability"
"1196","SL",2018,4187,"private_limited_liability"
"1197","SG",2006,171129,"private_limited_liability"
"1198","SG",2007,186021,"private_limited_liability"
"1199","SG",2008,199594,"private_limited_liability"
"1200","SG",2009,201831,"private_limited_liability"
"1201","SG",2014,273804,"private_limited_liability"
"1202","SG",2015,286553,"private_limited_liability"
"1203","SG",2016,298501,"private_limited_liability"
"1204","SG",2017,313448,"private_limited_liability"
"1205","SG",2018,332650,"private_limited_liability"
"1206","SG",2019,353146,"private_limited_liability"
"1207","SG",2020,371794,"private_limited_liability"
"1208","SG",2011,225142,"private_limited_liability"
"1209","SG",2012,237849,"private_limited_liability"
"1210","SG",2013,254627,"private_limited_liability"
"1211","SG",2010,214478,"private_limited_liability"
"1212","SK",2006,111004,"private_limited_liability"
"1213","SK",2007,124631,"private_limited_liability"
"1214","SK",2008,139225,"private_limited_liability"
"1215","SK",2013,218994,"private_limited_liability"
"1216","SK",2014,225137,"private_limited_liability"
"1217","SK",2015,229188,"private_limited_liability"
"1218","SK",2016,238945,"private_limited_liability"
"1219","SK",2017,250251,"private_limited_liability"
"1220","SK",2018,265148,"private_limited_liability"
"1221","SK",2019,281910,"private_limited_liability"
"1222","SK",2020,297077,"private_limited_liability"
"1223","SK",2012,196696,"private_limited_liability"
"1224","SK",2009,151484,"private_limited_liability"
"1225","SK",2010,165981,"private_limited_liability"
"1226","SK",2011,181127,"private_limited_liability"
"1227","SI",2006,43288,"private_limited_liability"
"1228","SI",2011,59408,"private_limited_liability"
"1229","SI",2012,62553,"private_limited_liability"
"1230","SI",2013,65397,"private_limited_liability"
"1231","SI",2014,68104,"private_limited_liability"
"1232","SI",2015,69543,"private_limited_liability"
"1233","SI",2016,69891,"private_limited_liability"
"1234","SI",2017,70598,"private_limited_liability"
"1235","SI",2018,71017,"private_limited_liability"
"1236","SI",2019,71380,"private_limited_liability"
"1237","SI",2007,47246,"private_limited_liability"
"1238","SI",2008,51398,"private_limited_liability"
"1239","SI",2009,55228,"private_limited_liability"
"1240","SI",2010,57159,"private_limited_liability"
"1241","SI",2020,71996,"private_limited_liability"
"1242","ES",2009,2042203,"private_limited_liability"
"1243","ES",2010,2099197,"private_limited_liability"
"1244","ES",2012,2223304,"private_limited_liability"
"1245","ES",2013,2291859,"private_limited_liability"
"1246","ES",2014,2363367,"private_limited_liability"
"1247","ES",2011,2161987,"private_limited_liability"
"1248","ES",2016,2511930,"private_limited_liability"
"1249","ES",2017,2581405,"private_limited_liability"
"1250","ES",2018,2650049,"private_limited_liability"
"1251","ES",2015,2434730,"private_limited_liability"
"1252","ES",2020,2770586,"private_limited_liability"
"1253","ES",2007,1908817,"private_limited_liability"
"1254","ES",2008,1962878,"private_limited_liability"
"1255","ES",2019,2716258,"private_limited_liability"
"1256","ES",2006,1786330,"private_limited_liability"
"1257","LK",2010,17366,"private_limited_liability"
"1258","LK",2013,37791,"private_limited_liability"
"1259","LK",2014,44465,"private_limited_liability"
"1260","LK",2011,15025,"private_limited_liability"
"1261","LK",2012,32003,"private_limited_liability"
"1262","LK",2017,69582,"private_limited_liability"
"1263","LK",2018,80092,"private_limited_liability"
"1264","LK",2015,52048,"private_limited_liability"
"1265","LK",2016,60108,"private_limited_liability"
"1266","LK",2008,7194,"private_limited_liability"
"1267","LK",2009,11256,"private_limited_liability"
"1268","SR",2010,4095,"private_limited_liability"
"1269","SR",2011,4495,"private_limited_liability"
"1270","SR",2012,6232,"private_limited_liability"
"1271","SR",2013,6824,"private_limited_liability"
"1272","SR",2014,7319,"private_limited_liability"
"1273","SR",2015,7731,"private_limited_liability"
"1274","SR",2016,8254,"private_limited_liability"
"1275","SR",2017,9114,"private_limited_liability"
"1276","SR",2018,7824,"private_limited_liability"
"1277","SR",2006,3453,"private_limited_liability"
"1278","SR",2007,3561,"private_limited_liability"
"1279","SR",2008,3730,"private_limited_liability"
"1280","SR",2009,3883,"private_limited_liability"
"1281","SR",2020,9661,"private_limited_liability"
"1282","SR",2019,8770,"private_limited_liability"
"1283","SE",2009,349897,"private_limited_liability"
"1284","SE",2010,371105,"private_limited_liability"
"1285","SE",2008,339088,"private_limited_liability"
"1286","SE",2013,449542,"private_limited_liability"
"1287","SE",2014,475077,"private_limited_liability"
"1288","SE",2011,400972,"private_limited_liability"
"1289","SE",2012,425950,"private_limited_liability"
"1290","SE",2017,563949,"private_limited_liability"
"1291","SE",2018,589233,"private_limited_liability"
"1292","SE",2015,502876,"private_limited_liability"
"1293","SE",2016,534408,"private_limited_liability"
"1294","SE",2006,309758,"private_limited_liability"
"1295","SE",2007,324782,"private_limited_liability"
"1296","SE",2019,614968,"private_limited_liability"
"1297","SE",2020,649872,"private_limited_liability"
"1298","CH",2008,304578,"private_limited_liability"
"1299","CH",2011,337373,"private_limited_liability"
"1300","CH",2012,349015,"private_limited_liability"
"1301","CH",2009,315808,"private_limited_liability"
"1302","CH",2010,324764,"private_limited_liability"
"1303","CH",2015,387493,"private_limited_liability"
"1304","CH",2016,399375,"private_limited_liability"
"1305","CH",2013,361386,"private_limited_liability"
"1306","CH",2014,374867,"private_limited_liability"
"1307","CH",2006,279516,"private_limited_liability"
"1308","CH",2007,292529,"private_limited_liability"
"1309","CH",2017,412305,"private_limited_liability"
"1310","CH",2018,424443,"private_limited_liability"
"1311","CH",2019,436945,"private_limited_liability"
"1312","TW",2007,596263,"private_limited_liability"
"1313","TW",2011,592904,"private_limited_liability"
"1314","TW",2008,574179,"private_limited_liability"
"1315","TW",2009,575745,"private_limited_liability"
"1316","TW",2010,582574,"private_limited_liability"
"1317","TW",2015,651175,"private_limited_liability"
"1318","TW",2012,601428,"private_limited_liability"
"1319","TW",2013,616074,"private_limited_liability"
"1320","TW",2014,632807,"private_limited_liability"
"1321","TW",2006,616740,"private_limited_liability"
"1322","TW",2020,714638,"private_limited_liability"
"1323","TW",2019,699912,"private_limited_liability"
"1324","TW",2016,669860,"private_limited_liability"
"1325","TW",2017,690082,"private_limited_liability"
"1326","TW",2018,699561,"private_limited_liability"
"1327","TJ",2006,6101,"private_limited_liability"
"1328","TJ",2007,6986,"private_limited_liability"
"1329","TJ",2008,8066,"private_limited_liability"
"1330","TJ",2009,9921,"private_limited_liability"
"1331","TJ",2010,12099,"private_limited_liability"
"1332","TJ",2011,13341,"private_limited_liability"
"1333","TJ",2012,14613,"private_limited_liability"
"1334","TJ",2013,20168,"private_limited_liability"
"1335","TJ",2014,21682,"private_limited_liability"
"1336","TJ",2018,25508,"private_limited_liability"
"1337","TJ",2015,22900,"private_limited_liability"
"1338","TJ",2016,23884,"private_limited_liability"
"1339","TJ",2017,24677,"private_limited_liability"
"1340","TZ",2006,67404,"private_limited_liability"
"1341","TZ",2007,71638,"private_limited_liability"
"1342","TZ",2008,76995,"private_limited_liability"
"1343","TZ",2009,82273,"private_limited_liability"
"1344","TZ",2010,89331,"private_limited_liability"
"1345","TZ",2011,87195,"private_limited_liability"
"1346","TZ",2012,105579,"private_limited_liability"
"1347","TZ",2013,114499,"private_limited_liability"
"1348","TZ",2014,123525,"private_limited_liability"
"1349","TZ",2018,153553,"private_limited_liability"
"1350","TZ",2015,132673,"private_limited_liability"
"1351","TZ",2016,141257,"private_limited_liability"
"1352","TZ",2017,148019,"private_limited_liability"
"1353","TH",2015,438278,"private_limited_liability"
"1354","TH",2016,465641,"private_limited_liability"
"1355","TH",2017,498074,"private_limited_liability"
"1356","TH",2018,529443,"private_limited_liability"
"1357","TO",2009,660,"private_limited_liability"
"1358","TO",2010,1220,"private_limited_liability"
"1359","TO",2011,1943,"private_limited_liability"
"1360","TO",2012,2666,"private_limited_liability"
"1361","TO",2013,3403,"private_limited_liability"
"1362","TO",2018,12203,"private_limited_liability"
"1363","TO",2019,15596,"private_limited_liability"
"1364","TO",2020,20006,"private_limited_liability"
"1365","TO",2015,6189,"private_limited_liability"
"1366","TO",2016,7849,"private_limited_liability"
"1367","TO",2017,9616,"private_limited_liability"
"1368","TO",2014,4485,"private_limited_liability"
"1369","TG",2009,564,"private_limited_liability"
"1370","TG",2010,701,"private_limited_liability"
"1371","TG",2011,817,"private_limited_liability"
"1372","TG",2012,932,"private_limited_liability"
"1373","TG",2013,1046,"private_limited_liability"
"1374","TG",2014,1075,"private_limited_liability"
"1375","TG",2015,1164,"private_limited_liability"
"1376","TG",2016,1213,"private_limited_liability"
"1377","TT",2009,37805,"private_limited_liability"
"1378","TT",2011,45002,"private_limited_liability"
"1379","TT",2012,48448,"private_limited_liability"
"1380","TT",2013,52782,"private_limited_liability"
"1381","TT",2010,41177,"private_limited_liability"
"1382","TT",2015,62629,"private_limited_liability"
"1383","TT",2016,66970,"private_limited_liability"
"1384","TT",2017,70847,"private_limited_liability"
"1385","TT",2014,57464,"private_limited_liability"
"1386","TT",2006,28122,"private_limited_liability"
"1387","TT",2007,31642,"private_limited_liability"
"1388","TT",2008,35112,"private_limited_liability"
"1389","TT",2018,74962,"private_limited_liability"
"1390","TT",2019,79473,"private_limited_liability"
"1391","TT",2020,83817,"private_limited_liability"
"1392","TN",2007,62262,"private_limited_liability"
"1393","TN",2011,88561,"private_limited_liability"
"1394","TN",2008,68954,"private_limited_liability"
"1395","TN",2009,76177,"private_limited_liability"
"1396","TN",2010,86216,"private_limited_liability"
"1397","TN",2015,128757,"private_limited_liability"
"1398","TN",2012,99161,"private_limited_liability"
"1399","TN",2013,109559,"private_limited_liability"
"1400","TN",2014,119076,"private_limited_liability"
"1401","TN",2006,56055,"private_limited_liability"
"1402","TN",2019,158511,"private_limited_liability"
"1403","TN",2018,145920,"private_limited_liability"
"1404","TN",2016,137574,"private_limited_liability"
"1405","TN",2017,146735,"private_limited_liability"
"1406","TR",2016,910101,"private_limited_liability"
"1407","TR",2015,858269,"private_limited_liability"
"1408","TR",2020,1062945,"private_limited_liability"
"1409","TR",2017,852118,"private_limited_liability"
"1410","TR",2018,925469,"private_limited_liability"
"1411","TR",2019,996975,"private_limited_liability"
"1412","TR",2014,794179,"private_limited_liability"
"1413","UG",2006,76153,"private_limited_liability"
"1414","UG",2007,83632,"private_limited_liability"
"1415","UG",2008,92008,"private_limited_liability"
"1416","UG",2009,101494,"private_limited_liability"
"1417","UG",2014,175717,"private_limited_liability"
"1418","UG",2015,194104,"private_limited_liability"
"1419","UG",2016,212154,"private_limited_liability"
"1420","UG",2017,229577,"private_limited_liability"
"1421","UG",2018,248439,"private_limited_liability"
"1422","UG",2010,111984,"private_limited_liability"
"1423","UG",2011,126865,"private_limited_liability"
"1424","UG",2012,143551,"private_limited_liability"
"1425","UG",2013,158960,"private_limited_liability"
"1426","UA",2006,234703,"private_limited_liability"
"1427","UA",2007,269193,"private_limited_liability"
"1428","UA",2008,296250,"private_limited_liability"
"1429","UA",2009,315130,"private_limited_liability"
"1430","UA",2014,465856,"private_limited_liability"
"1431","UA",2015,503455,"private_limited_liability"
"1432","UA",2016,551357,"private_limited_liability"
"1433","UA",2017,576554,"private_limited_liability"
"1434","UA",2018,632231,"private_limited_liability"
"1435","UA",2010,343153,"private_limited_liability"
"1436","UA",2011,373770,"private_limited_liability"
"1437","UA",2012,401060,"private_limited_liability"
"1438","UA",2013,433370,"private_limited_liability"
"1439","AE",2006,61972,"private_limited_liability"
"1440","AE",2007,70750,"private_limited_liability"
"1441","AE",2008,79834,"private_limited_liability"
"1442","AE",2009,86797,"private_limited_liability"
"1443","AE",2014,144889,"private_limited_liability"
"1444","AE",2015,161514,"private_limited_liability"
"1445","AE",2016,178249,"private_limited_liability"
"1446","AE",2017,194534,"private_limited_liability"
"1447","AE",2018,212441,"private_limited_liability"
"1448","AE",2019,235034,"private_limited_liability"
"1449","AE",2020,254084,"private_limited_liability"
"1450","AE",2011,105064,"private_limited_liability"
"1451","AE",2012,116444,"private_limited_liability"
"1452","AE",2013,129228,"private_limited_liability"
"1453","AE",2010,95420,"private_limited_liability"
"1454","GB",2006,2384235,"private_limited_liability"
"1455","GB",2007,2620658,"private_limited_liability"
"1456","GB",2008,2774566,"private_limited_liability"
"1457","GB",2013,3125247,"private_limited_liability"
"1458","GB",2014,3334908,"private_limited_liability"
"1459","GB",2015,3493654,"private_limited_liability"
"1460","GB",2016,3934500,"private_limited_liability"
"1461","GB",2017,4091429,"private_limited_liability"
"1462","GB",2018,4258699,"private_limited_liability"
"1463","GB",2019,4416454,"private_limited_liability"
"1464","GB",2020,4776447,"private_limited_liability"
"1465","GB",2012,2930049,"private_limited_liability"
"1466","GB",2009,2822606,"private_limited_liability"
"1467","GB",2010,2692659,"private_limited_liability"
"1468","GB",2011,2751655,"private_limited_liability"
"1469","Uruguay",2006,32801,"private_limited_liability"
"1470","Uruguay",2011,46052,"private_limited_liability"
"1471","Uruguay",2012,51620,"private_limited_liability"
"1472","Uruguay",2013,55886,"private_limited_liability"
"1473","Uruguay",2014,60004,"private_limited_liability"
"1474","Uruguay",2015,68178,"private_limited_liability"
"1475","Uruguay",2016,71282,"private_limited_liability"
"1476","Uruguay",2017,74757,"private_limited_liability"
"1477","Uruguay",2018,77742,"private_limited_liability"
"1478","Uruguay",2019,81314,"private_limited_liability"
"1479","Uruguay",2007,35461,"private_limited_liability"
"1480","Uruguay",2008,38141,"private_limited_liability"
"1481","Uruguay",2009,39982,"private_limited_liability"
"1482","Uruguay",2010,42819,"private_limited_liability"
"1483","Uruguay",2020,86403,"private_limited_liability"
"1484","Uzbekistan",2009,66653,"private_limited_liability"
"1485","Uzbekistan",2010,76388,"private_limited_liability"
"1486","Uzbekistan",2012,94957,"private_limited_liability"
"1487","Uzbekistan",2013,104913,"private_limited_liability"
"1488","Uzbekistan",2014,115395,"private_limited_liability"
"1489","Uzbekistan",2011,87864,"private_limited_liability"
"1490","Uzbekistan",2016,132629,"private_limited_liability"
"1491","Uzbekistan",2017,148906,"private_limited_liability"
"1492","Uzbekistan",2018,177141,"private_limited_liability"
"1493","Uzbekistan",2015,124063,"private_limited_liability"
"1494","Uzbekistan",2020,287377,"private_limited_liability"
"1495","Uzbekistan",2007,52624,"private_limited_liability"
"1496","Uzbekistan",2008,57818,"private_limited_liability"
"1497","Uzbekistan",2019,230175,"private_limited_liability"
"1498","Uzbekistan",2006,47387,"private_limited_liability"
"1499","Vanuatu",2008,721,"private_limited_liability"
"1500","Vanuatu",2011,905,"private_limited_liability"
"1501","Vanuatu",2012,975,"private_limited_liability"
"1502","Vanuatu",2009,744,"private_limited_liability"
"1503","Vanuatu",2010,831,"private_limited_liability"
"1504","Vanuatu",2015,1200,"private_limited_liability"
"1505","Vanuatu",2016,1330,"private_limited_liability"
"1506","Vanuatu",2013,1029,"private_limited_liability"
"1507","Vanuatu",2014,1117,"private_limited_liability"
"1508","Vanuatu",2006,583,"private_limited_liability"
"1509","Vanuatu",2007,655,"private_limited_liability"
"1510","Vanuatu",2017,1498,"private_limited_liability"
"1511","Vanuatu",2018,1564,"private_limited_liability"
"1512","ZM",2020,185627,"private_limited_liability"
"1513","ZW",2012,122201,"private_limited_liability"
"1514","ZW",2016,158627,"private_limited_liability"
"1515","ZW",2013,131983,"private_limited_liability"
"1516","ZW",2014,141448,"private_limited_liability"
"1517","ZW",2015,150503,"private_limited_liability"
"1518","ZW",2020,230256,"private_limited_liability"
"1519","ZW",2017,168145,"private_limited_liability"
"1520","ZW",2018,184955,"private_limited_liability"
"1521","ZW",2019,209983,"private_limited_liability"
"1522","ZW",2011,112710,"private_limited_liability"
